{"modelTopology":{"class_name":"Sequential","config":{"name":"sequential_11","layers":[{"class_name":"Embedding","config":{"input_dim":20174,"output_dim":50,"embeddings_initializer":{"class_name":"RandomUniform","config":{"minval":-0.05,"maxval":0.05,"seed":null}},"embeddings_regularizer":null,"activity_regularizer":null,"embeddings_constraint":null,"mask_zero":null,"input_length":1008,"name":"embedding_Embedding11","trainable":true,"batch_input_shape":[null,1008]}},{"class_name":"Dropout","config":{"rate":null,"noise_shape":null,"seed":null,"name":"dropout_Dropout31","trainable":true}},{"class_name":"LSTM","config":{"units":8,"activation":"tanh","recurrent_activation":"hard_sigmoid","use_bias":true,"kernel_initializer":{"class_name":"VarianceScaling","config":{"scale":1,"mode":"fan_avg","distribution":"normal","seed":null}},"recurrent_initializer":{"class_name":"Orthogonal","config":{"gain":1,"seed":null}},"bias_initializer":{"class_name":"Zeros","config":{}},"unit_forget_bias":null,"kernel_regularizer":null,"recurrent_regularizer":null,"bias_regularizer":null,"activity_regularizer":null,"kernel_constraint":null,"recurrent_constraint":null,"bias_constraint":null,"dropout":0,"recurrent_dropout":0,"implementation":null,"return_sequences":true,"return_state":false,"go_backwards":false,"stateful":false,"unroll":false,"name":"lstm_LSTM21","trainable":true}},{"class_name":"Dropout","config":{"rate":null,"noise_shape":null,"seed":null,"name":"dropout_Dropout32","trainable":true}},{"class_name":"LSTM","config":{"units":8,"activation":"tanh","recurrent_activation":"hard_sigmoid","use_bias":true,"kernel_initializer":{"class_name":"VarianceScaling","config":{"scale":1,"mode":"fan_avg","distribution":"normal","seed":null}},"recurrent_initializer":{"class_name":"Orthogonal","config":{"gain":1,"seed":null}},"bias_initializer":{"class_name":"Zeros","config":{}},"unit_forget_bias":null,"kernel_regularizer":null,"recurrent_regularizer":null,"bias_regularizer":null,"activity_regularizer":null,"kernel_constraint":null,"recurrent_constraint":null,"bias_constraint":null,"dropout":0,"recurrent_dropout":0,"implementation":null,"return_sequences":false,"return_state":false,"go_backwards":false,"stateful":false,"unroll":false,"name":"lstm_LSTM22","trainable":true}},{"class_name":"Dropout","config":{"rate":null,"noise_shape":null,"seed":null,"name":"dropout_Dropout33","trainable":true}},{"class_name":"Dense","config":{"units":10,"activation":"softmax","use_bias":true,"kernel_initializer":{"class_name":"VarianceScaling","config":{"scale":1,"mode":"fan_avg","distribution":"normal","seed":null}},"bias_initializer":{"class_name":"Zeros","config":{}},"kernel_regularizer":null,"bias_regularizer":null,"activity_regularizer":null,"kernel_constraint":null,"bias_constraint":null,"name":"dense_Dense11","trainable":true}}]},"keras_version":"tfjs-layers 2.0.1","backend":"tensor_flow.js"},"weightsManifest":[{"paths":["weights.bin"],"weights":[{"name":"embedding_Embedding11/embeddings","shape":[20174,50],"dtype":"float32"},{"name":"lstm_LSTM21/kernel","shape":[50,32],"dtype":"float32"},{"name":"lstm_LSTM21/recurrent_kernel","shape":[8,32],"dtype":"float32"},{"name":"lstm_LSTM21/bias","shape":[32],"dtype":"float32"},{"name":"lstm_LSTM22/kernel","shape":[8,32],"dtype":"float32"},{"name":"lstm_LSTM22/recurrent_kernel","shape":[8,32],"dtype":"float32"},{"name":"lstm_LSTM22/bias","shape":[32],"dtype":"float32"},{"name":"dense_Dense11/kernel","shape":[8,10],"dtype":"float32"},{"name":"dense_Dense11/bias","shape":[10],"dtype":"float32"}]}],"format":"layers-model","generatedBy":"TensorFlow.js tfjs-layers v2.0.1","convertedBy":null}